"monthly_salary","fico","utilization","card_limit","card_interest_rate","model_output","model_target"
"78780","897","13.17%","31032","3.75%","0.2231","0"
"10065","794","6.22%","31697","3.41%","0.9543","1"
"97434","880","8.44%","48998","9.68%","0.9906","0"
"126755","729","0.73%","38827","4.14%","0.0232","0"
"70696","624","15.47%","9082","5.51%","0.1075","0"
"173006","889","14.57%","18039","2.86%","0.4746","0"
"88528","814","14.53%","9946","2.40%","0.3882","0"
"40985","743","11.69%","25788","9.50%","0.1198","0"
"154213","864","4.80%","20240","9.06%","0.3700","0"
"48492","612","0.15%","45523","10.22%","0.2897","0"
"31681","821","9.73%","7493","9.82%","0.1124","0"
"67238","887","10.63%","29482","7.94%","0.9568","0"
"44643","893","12.04%","47461","11.29%","0.8541","1"
"197514","818","15.67%","11436","3.91%","0.9053","1"
"72272","667","6.16%","11734","6.80%","0.6002","1"
"78675","624","15.60%","41669","7.21%","0.0959","0"
"43980","631","3.09%","20331","5.47%","0.0083","0"
"154442","811","7.01%","20678","2.91%","0.4957","0"
"75990","834","6.06%","45412","2.17%","0.0685","0"
"145779","801","7.62%","20020","9.93%","0.5087","0"
"60938","790","4.24%","23268","6.86%","0.2046","0"
"139356","640","3.34%","49806","6.50%","0.7586","0"
"58355","831","15.22%","13192","8.29%","0.9687","0"
"105779","637","5.58%","16280","11.80%","0.2445","0"
"60382","851","11.56%","42546","10.08%","0.4050","0"
"119585","633","5.63%","40902","10.11%","0.8548","1"
"104314","863","3.69%","41368","2.69%","0.1267","0"
"20568","617","5.89%","24465","2.96%","0.3033","0"
"159146","832","12.27%","48567","5.53%","0.8952","0"
"17086","768","4.27%","31294","2.20%","0.8353","1"
"79060","763","8.63%","19442","10.85%","0.0049","0"
"193520","691","13.37%","40760","3.79%","0.4794","0"
"166258","893","1.02%","34904","7.84%","0.5596","1"
"153003","681","16.08%","20544","9.46%","0.3171","0"
"41495","780","6.83%","45872","9.18%","0.0403","0"
"128315","894","4.54%","5966","8.75%","0.6844","0"
"142618","633","4.71%","48436","4.63%","0.6992","1"
"168887","600","4.28%","25317","2.09%","0.5470","1"
"132944","636","0.55%","46237","11.35%","0.8074","0"
"94029","900","16.37%","11875","11.75%","0.5326","1"
"18049","810","2.21%","40311","10.40%","0.7124","0"
"135669","813","14.01%","15867","8.83%","0.4132","0"
"95868","847","10.48%","48221","11.34%","0.8384","0"
"90246","708","11.05%","19885","4.46%","0.7782","0"
"182525","784","7.21%","30590","6.15%","0.0496","0"
"166492","671","5.08%","44947","11.90%","0.4063","0"
"60416","755","3.74%","44098","11.73%","0.2878","0"
"144007","662","11.89%","43597","4.53%","0.5298","0"
"113170","707","5.84%","45132","2.39%","0.7304","0"
"47979","611","8.97%","35831","5.11%","0.0115","0"
"120644","879","2.47%","37880","6.35%","0.2767","0"
"146814","864","5.89%","31841","4.24%","0.0357","0"
"169359","759","7.30%","16729","10.09%","0.3695","0"
"146430","837","12.03%","36063","4.66%","0.5216","0"
"187204","644","3.97%","10843","2.19%","0.6680","1"
"34788","810","12.28%","34794","11.18%","0.2345","0"
"194899","786","6.76%","48535","11.17%","0.0941","0"
"80752","625","4.99%","47229","11.10%","0.8005","1"
"159184","636","11.83%","15984","6.84%","0.2341","0"
"58394","793","9.16%","18405","11.85%","0.1943","0"
"68910","653","10.57%","36537","7.99%","0.9583","1"
"52756","829","6.48%","18754","2.44%","0.0986","0"
"64593","659","13.82%","43790","3.86%","0.6593","1"
"169880","775","7.68%","41388","5.78%","0.0265","0"
"45551","883","16.21%","39217","9.11%","0.4573","0"
"127615","835","15.81%","25293","3.22%","0.6237","0"
"96789","757","12.26%","28864","10.82%","0.5890","1"
"26788","673","14.42%","24343","2.62%","0.8531","1"
"167203","801","7.64%","11569","6.66%","0.5307","0"
"122967","891","10.60%","12713","11.40%","0.2038","0"
"92791","639","16.29%","49130","11.38%","0.9831","0"
"118503","814","13.34%","7494","6.92%","0.9322","1"
"56183","814","3.59%","27310","9.48%","0.0030","0"
"114237","732","11.55%","47122","5.44%","0.0467","0"
"189115","879","9.69%","36725","5.35%","0.3622","0"
"69837","812","9.08%","41605","5.98%","0.0996","0"
"136384","632","15.58%","42473","4.71%","0.7580","1"
"106263","889","6.80%","19600","6.55%","0.2921","0"
"31295","746","13.06%","7276","8.74%","0.1438","0"
"121225","800","6.49%","31363","3.99%","0.2727","0"
"148542","795","0.31%","20582","9.86%","0.0683","0"
"197301","603","10.67%","31550","7.24%","0.7852","0"
"104825","717","14.10%","26900","8.31%","0.1596","0"
"28939","657","4.95%","36476","11.79%","0.8825","1"
"81063","877","11.54%","49236","6.87%","0.4068","0"
"70855","854","11.17%","31636","5.55%","0.2546","0"
"37625","639","12.62%","39173","3.89%","0.6139","0"
"61199","648","11.47%","13161","5.20%","0.7452","0"
"42532","700","1.98%","25243","9.25%","0.7598","1"
"103675","745","2.55%","45321","6.07%","0.8723","1"
"57622","618","16.46%","27292","5.42%","0.2023","0"
"156790","742","6.33%","12572","6.67%","0.0699","0"
"122085","711","13.82%","20446","3.68%","0.9247","1"
"194474","609","4.75%","46887","2.94%","0.9888","1"
"43284","775","14.77%","24847","10.34%","0.8411","0"
"52098","657","13.13%","17904","4.20%","0.0065","0"
"109930","886","9.90%","27945","7.80%","0.5337","0"
"157698","769","6.10%","36679","6.96%","0.6957","1"
"50241","882","12.59%","46921","11.67%","0.4762","0"
"190143","765","14.53%","8595","8.60%","0.3854","0"
"62237","707","3.17%","23748","6.52%","0.5698","0"
"19788","671","13.85%","38001","9.07%","0.7459","1"
"163333","645","1.93%","21736","6.45%","0.7384","1"
"191284","669","15.46%","43085","5.50%","0.0716","0"
"12573","781","6.47%","16808","10.38%","0.9618","0"
"132008","660","8.04%","28745","4.84%","0.2811","0"
"140551","722","3.05%","26708","9.23%","0.7896","1"
"179897","875","4.48%","31033","10.95%","0.6626","0"
"155876","638","14.69%","40959","10.66%","0.4323","0"
"173886","739","1.33%","12370","10.24%","0.7589","0"
"133416","883","1.87%","41533","5.59%","0.5667","1"
"114255","690","0.50%","6802","10.44%","0.0973","0"
"160801","831","13.71%","20563","7.74%","0.1574","0"
"84853","810","11.34%","16274","7.30%","0.4531","0"
"127363","834","2.56%","29907","6.19%","0.7705","0"
"128311","703","13.83%","23228","9.27%","0.1103","0"
"61971","742","1.22%","17554","11.12%","0.9446","1"
"98510","823","1.87%","42964","9.15%","0.9055","1"
"185632","606","7.36%","5598","2.68%","0.3693","0"
"173961","819","12.83%","18436","8.80%","0.3646","0"
"55351","839","4.69%","21118","11.62%","0.5825","1"
"174307","715","12.40%","35685","8.16%","0.7514","0"
"141076","663","13.19%","12800","3.05%","0.0922","0"
"90657","669","5.39%","28488","6.91%","0.5294","0"
"137557","750","7.10%","32484","9.22%","0.7291","1"
"15236","845","4.91%","25319","7.32%","0.4094","0"
"122107","674","9.07%","35184","5.46%","0.3713","0"
"35997","870","16.26%","15176","3.07%","0.5274","1"
"163484","740","8.51%","11163","2.56%","0.2102","0"
"97310","644","12.47%","34450","4.73%","0.2306","0"
"61767","795","2.92%","12582","6.40%","0.4597","0"
"166113","843","1.54%","41162","7.94%","0.6729","0"
"156081","637","11.52%","10509","9.51%","0.8805","1"
"197257","640","9.69%","7429","3.48%","0.8344","1"
"42630","772","2.25%","29005","11.10%","0.9997","1"
"28268","701","6.63%","18943","5.20%","0.4441","0"
"157558","612","3.78%","29624","11.72%","0.2634","0"
"178999","697","6.90%","32223","4.05%","0.5245","1"
"104843","829","2.30%","25563","11.69%","0.1431","0"
"40198","848","9.85%","40871","8.26%","0.1901","0"
"82643","840","5.12%","30541","9.86%","0.0299","0"
"166954","840","14.60%","15513","4.74%","0.8749","0"
"150233","862","14.99%","11917","11.20%","0.4390","0"
"181150","871","1.95%","29524","8.01%","0.1582","0"
"71808","708","16.20%","19042","10.48%","0.0042","0"
"105203","791","16.11%","42316","6.10%","0.8014","1"
"21883","885","2.53%","30078","9.51%","0.0933","0"
"68565","739","13.44%","41298","8.48%","0.8476","1"
"175625","651","1.10%","44664","9.71%","0.7895","1"
"105955","692","6.91%","19905","9.29%","0.6966","0"
"146067","759","10.44%","49730","11.04%","0.8785","0"
"111725","896","2.43%","20949","6.04%","0.8435","0"
"150566","844","6.86%","35243","4.14%","0.2959","0"
"78590","687","10.03%","43376","4.13%","0.4912","0"
"111776","877","9.16%","34768","2.20%","0.9252","1"
"49433","777","3.76%","41232","4.53%","0.9662","1"
"11686","805","2.49%","38820","3.86%","0.4245","0"
"161837","678","6.71%","21564","2.65%","0.8317","1"
"102455","710","2.52%","21416","11.04%","0.8643","0"
"103136","869","16.47%","24426","2.94%","0.7824","0"
"148662","702","8.52%","45837","8.43%","0.9088","0"
"106353","715","15.13%","32399","5.13%","0.9119","1"
"64770","727","9.88%","44100","10.46%","0.3026","0"
"49494","804","4.36%","46781","4.38%","0.2685","0"
"68636","685","1.99%","12350","2.06%","0.8503","1"
"33153","712","6.13%","25924","11.21%","0.8821","1"
"190478","805","12.22%","46245","11.32%","0.4145","0"
"167605","877","3.60%","22378","5.36%","0.6912","1"
"32260","828","4.76%","5411","10.26%","0.7960","0"
"14881","657","13.95%","21425","5.72%","0.1754","0"
"69569","623","2.23%","24302","11.50%","0.5113","1"
"95573","876","4.77%","29935","11.97%","0.5745","1"
"48160","833","11.09%","19854","6.83%","0.3029","0"
"121991","743","16.08%","42082","9.88%","0.5344","0"
"105971","727","12.60%","34601","2.23%","0.8084","0"
"199191","814","5.35%","19386","5.29%","0.9608","0"
"85856","609","1.13%","6485","6.33%","0.8077","0"
"174353","621","1.27%","31528","11.32%","0.0012","0"
"111068","743","14.69%","9075","3.55%","0.2547","0"
"151860","701","11.61%","14897","11.79%","0.0409","0"
"137904","742","3.06%","35071","4.49%","0.2794","0"
"80698","692","3.17%","31563","2.91%","0.6418","0"
"35288","841","14.51%","37513","6.85%","0.2095","0"
"189821","880","6.72%","37087","5.80%","0.6281","0"
"188687","702","7.89%","46561","6.02%","0.5699","1"
"113666","891","15.33%","13976","8.96%","0.3160","0"
"83862","881","8.72%","45755","3.25%","0.9570","0"
"140013","620","11.06%","44875","10.03%","0.8813","1"
"59896","659","8.31%","37744","7.07%","0.5971","0"
"126999","693","4.01%","12155","9.36%","0.3746","0"
"109707","858","16.15%","21163","3.36%","0.5336","0"
"99671","723","7.67%","16323","7.28%","0.1445","0"
"161295","608","8.72%","42850","7.33%","0.4981","0"
"43642","841","16.33%","44670","6.53%","0.7696","0"
"164142","778","3.34%","8793","5.69%","0.1102","0"
"186945","891","7.92%","18236","10.84%","0.7627","0"
"109814","834","5.01%","15679","5.08%","0.6682","1"
"99152","819","8.04%","38534","7.54%","0.6956","1"
"94842","842","10.11%","43888","8.05%","0.2199","0"
"160428","656","5.38%","26112","3.94%","0.2593","0"
"90491","839","9.92%","17520","7.05%","0.1702","0"
"93936","665","5.73%","24208","3.95%","0.5456","1"
"170089","813","1.71%","38733","8.75%","0.4483","0"
"192582","680","10.63%","24220","8.64%","0.3162","0"
"79074","770","1.74%","35435","3.59%","0.3383","0"
"10336","814","4.29%","17686","4.79%","0.6627","1"
"158929","632","12.73%","24457","2.15%","0.8178","0"
"157501","650","8.78%","20204","2.82%","0.5820","1"
"158448","812","2.72%","27521","9.10%","0.5302","0"
"96575","747","0.37%","17226","3.96%","0.0940","0"
"108393","723","2.92%","36033","6.25%","0.9854","1"
"137419","889","2.40%","19628","9.98%","0.4561","0"
"169243","804","13.45%","6377","6.84%","0.8863","0"
"18955","675","8.20%","48360","11.92%","0.3130","0"
"191354","806","1.11%","11626","8.11%","0.5477","0"
"84742","693","10.66%","13318","10.00%","0.6420","0"
"119176","871","8.36%","9347","7.25%","0.6451","1"
"136566","757","12.99%","35833","2.97%","0.6680","0"
"162008","657","3.29%","25424","6.94%","0.2024","0"
"127163","635","9.39%","39165","10.97%","0.4466","0"
"75767","878","2.62%","34041","8.81%","0.0320","0"
"59024","622","5.77%","5033","3.67%","0.1327","0"
"130286","809","14.13%","31260","3.48%","0.2470","0"
"52716","775","14.07%","30322","11.28%","0.5116","0"
"133128","622","13.43%","35298","11.01%","0.9894","1"
"47485","682","11.80%","18290","4.81%","0.7907","0"
"131757","876","12.34%","22672","8.48%","0.9171","0"
"169268","689","14.54%","28352","8.58%","0.9094","1"
"65502","802","11.63%","19999","9.71%","0.0519","0"
"182329","885","5.88%","23135","9.57%","0.3663","0"
"195794","809","11.40%","38518","3.12%","0.3604","0"
"39083","617","13.43%","47933","7.00%","0.3075","0"
"158154","622","6.91%","49084","5.96%","0.4775","0"
"67500","609","2.11%","45274","2.70%","0.0324","0"
"101917","658","12.39%","26889","8.59%","0.6231","1"
"103680","835","3.04%","19209","7.06%","0.2120","0"
"130045","631","0.08%","11723","11.13%","0.3478","0"
"51533","875","13.20%","43509","11.53%","0.6691","1"
"162291","677","4.56%","18895","2.83%","0.8866","1"
"117148","870","1.80%","24720","3.26%","0.1391","0"
"82576","669","1.37%","49846","2.37%","0.7188","0"
"168734","710","11.11%","37353","7.36%","0.7270","0"
"157381","680","12.23%","7798","7.59%","0.3328","0"
"157582","692","12.80%","30104","2.67%","0.9291","0"
"184349","771","4.73%","27102","4.74%","0.0680","0"
"60917","727","4.38%","5363","7.48%","0.8567","1"
"81705","681","13.34%","23124","10.07%","0.4390","0"
"136127","649","13.29%","36479","4.31%","0.3189","0"
"173606","678","8.00%","39935","8.41%","0.2164","0"
"180421","817","10.54%","33531","11.49%","0.5058","0"
"67539","864","15.41%","38597","9.43%","0.2095","0"
"171449","739","1.17%","27458","2.96%","0.3185","0"
"147627","615","10.79%","24619","2.09%","0.6275","1"
"148921","731","11.16%","38188","2.52%","0.7564","1"
"166218","752","2.50%","22213","10.06%","0.8327","1"
"154198","782","13.59%","5256","3.20%","0.9006","0"
"131849","852","6.43%","8022","6.57%","0.4836","0"
"23759","869","16.49%","46974","3.64%","0.7791","1"
"89474","819","11.77%","16295","10.37%","0.5237","1"
"151221","899","9.49%","28245","8.83%","0.0020","0"
"121031","882","10.48%","26357","5.61%","0.2254","0"
"14178","883","1.82%","14380","11.73%","0.4125","0"
"56945","663","10.20%","20135","7.67%","0.8563","1"
"122873","867","5.99%","6601","10.62%","0.8641","0"
"30149","653","3.87%","5376","4.85%","0.2994","0"
"183921","882","9.60%","35276","6.66%","0.5425","0"
"100598","735","4.74%","42702","7.54%","0.7190","0"
"98895","798","11.72%","28432","10.58%","0.2937","0"
"164091","770","12.66%","7318","3.32%","0.7077","1"
"124218","723","6.19%","40567","11.27%","0.1517","0"
"32439","826","15.84%","17944","8.56%","0.1408","0"
"28755","898","7.50%","35819","3.94%","0.5101","0"
"192507","666","16.28%","24390","6.24%","0.5769","1"
"122113","661","6.45%","38901","8.67%","0.1386","0"
"18349","681","7.65%","30423","11.46%","0.6224","1"
"161342","707","3.72%","38816","11.23%","0.8671","1"
"169415","687","4.53%","30742","2.26%","0.3717","0"
"103511","659","0.47%","11860","6.82%","0.2606","0"
"108360","792","16.05%","19334","5.01%","0.2827","0"
"36241","795","4.19%","15293","11.34%","0.8839","1"
"156308","698","7.75%","29688","3.01%","0.5666","1"
"168158","776","0.38%","12631","6.89%","0.8519","0"
"142064","825","13.54%","34548","9.76%","0.0842","0"
"94648","812","11.09%","25908","3.23%","0.7014","0"
"192642","603","4.02%","40395","8.21%","0.5606","1"
"65049","874","5.55%","9540","11.01%","0.2801","0"
"57192","722","15.32%","8907","4.71%","0.6348","1"
"32211","623","15.26%","26178","8.19%","0.2928","0"
"138618","741","12.44%","8395","4.40%","0.3669","0"
"131487","640","11.01%","11158","7.18%","0.4663","0"
"99633","681","13.34%","31888","11.20%","0.5836","1"
"128798","681","13.92%","16816","6.91%","0.4990","0"
"122139","729","12.30%","37032","11.79%","0.1468","0"
"47127","653","6.83%","48899","3.87%","0.1705","0"
"194386","654","8.18%","25681","3.13%","0.4219","0"
"111274","719","16.66%","39004","5.39%","0.2346","0"
"114780","713","0.28%","7407","9.14%","0.9660","1"
"76006","787","2.28%","6176","4.58%","0.1637","0"
"69081","659","8.34%","40929","2.21%","0.5833","0"
"44989","634","7.88%","8272","11.81%","0.0166","0"
"90427","734","13.45%","27485","3.30%","0.2495","0"
"174509","728","7.36%","35222","3.01%","0.8516","0"
"164765","892","1.23%","15587","2.70%","0.0940","0"
"167606","743","12.13%","48993","11.93%","0.3031","0"
"25052","649","2.42%","46728","6.53%","0.2853","0"
"11739","835","16.51%","18580","2.88%","0.3936","0"
"12659","854","0.49%","46897","10.07%","0.6699","1"
"165396","719","8.38%","6260","4.14%","0.9993","1"
"36842","746","5.53%","46093","11.62%","0.7856","0"
"30665","774","14.08%","32183","2.54%","0.8704","0"
"40587","876","10.18%","13003","4.37%","0.0750","0"
"36961","627","10.80%","48156","6.41%","0.8867","0"
"112529","696","16.05%","34222","2.40%","0.9502","0"
"53702","662","9.49%","45648","3.29%","0.5907","0"
"118586","798","14.52%","17563","9.92%","0.7648","1"
"22676","650","8.93%","38897","6.63%","0.6609","1"
"108412","808","1.88%","19419","4.40%","0.7020","0"
"145259","828","10.70%","13085","2.32%","0.2021","0"
"110125","625","5.11%","42567","9.77%","0.3192","0"
"159881","795","7.60%","42449","4.67%","0.7280","1"
"63095","640","12.78%","43357","8.68%","0.7575","1"
"175909","664","9.01%","39306","5.34%","0.8718","1"
"183050","698","10.60%","36703","4.76%","0.9402","0"
"24033","785","8.76%","41501","8.96%","0.9005","1"
"23440","651","11.92%","21477","9.84%","0.9855","0"
"188547","716","8.50%","31744","11.78%","0.4367","0"
"153116","775","14.32%","43805","4.64%","0.3336","0"
"124680","859","0.39%","18549","3.38%","0.6583","0"
"35654","886","11.98%","21770","7.91%","0.0648","0"
"65975","632","6.79%","22851","5.19%","0.0889","0"
"82587","793","16.37%","8331","10.57%","0.6261","0"
"72133","703","12.42%","19031","9.96%","0.6978","0"
"129808","862","15.19%","37906","2.43%","0.7991","1"
"101894","702","3.82%","5947","4.74%","0.8563","0"
"186972","601","1.41%","42338","6.68%","0.5780","0"
"96254","626","15.42%","46056","11.68%","0.0760","0"
"68354","835","1.57%","34737","6.52%","0.5735","1"
"13215","803","14.66%","39736","9.29%","0.8686","1"
"114460","707","12.17%","16139","10.81%","0.2431","0"
"172689","759","8.24%","47313","4.94%","0.3780","0"
"97454","806","12.91%","33816","7.77%","0.3420","0"
"181073","900","8.29%","27784","4.39%","0.1559","0"
"155103","758","1.23%","37689","3.48%","0.4019","0"
"114255","695","16.50%","37159","5.69%","0.9834","1"
"94088","657","9.26%","43882","3.07%","0.2275","0"
"10679","850","3.18%","44282","3.61%","0.5162","1"
"30138","720","6.67%","48737","7.31%","0.5460","0"
"126003","895","3.17%","45721","4.18%","0.6879","0"
"162058","859","12.50%","6258","3.99%","0.2808","0"
"166525","703","5.66%","11277","10.15%","0.8131","1"
"66217","645","4.07%","33959","8.66%","0.9288","0"
"81714","868","11.07%","47079","3.11%","0.6499","1"
"185975","750","15.13%","32701","10.35%","0.2013","0"
"189065","827","11.98%","35439","11.55%","0.9132","1"
"194520","631","11.51%","17638","6.90%","0.2137","0"
"197293","736","12.69%","30264","11.02%","0.8739","0"
"194395","857","4.44%","28517","9.79%","0.8498","0"
"102266","741","9.73%","19098","10.28%","0.3589","0"
"50983","877","15.50%","20888","7.02%","0.5478","1"
"82631","761","3.71%","29831","7.58%","0.2160","0"
"131088","808","0.34%","41741","2.53%","0.1996","0"
"47911","886","8.26%","25948","5.54%","0.7879","1"
"180987","722","10.82%","16103","5.72%","0.4705","0"
"148076","827","8.36%","37235","10.61%","0.2049","0"
"87370","656","11.63%","34688","11.67%","0.9678","0"
"72621","648","2.06%","11337","7.10%","0.0545","0"
"39898","635","6.41%","39084","11.62%","0.9235","1"
"144627","680","1.90%","45115","5.05%","0.8065","1"
"138163","785","14.18%","47512","11.17%","0.5408","0"
"77036","609","7.77%","35520","10.49%","0.9875","1"
"39940","635","8.91%","13242","5.66%","0.7739","0"
"138455","744","13.11%","43842","2.60%","0.6296","1"
"60209","879","12.58%","49258","5.37%","0.9699","0"
"153455","708","15.71%","20563","3.64%","0.7282","1"
"143748","817","5.32%","24413","8.75%","0.6826","0"
"130168","659","16.21%","33371","6.99%","0.9686","1"
"162529","686","12.92%","35465","6.52%","0.7481","0"
"98618","658","9.73%","37904","9.23%","0.6301","1"
"25899","816","10.51%","34026","9.79%","0.8537","0"
"27573","730","5.48%","43525","4.05%","0.5113","0"
"96815","865","10.17%","47625","9.07%","0.8001","0"
"62089","822","1.99%","13665","3.65%","0.7757","0"
"15517","812","6.06%","37855","8.72%","0.1895","0"
"107462","726","1.43%","42321","7.43%","0.5002","1"
"129007","735","10.92%","43611","2.60%","0.6192","0"
"107867","805","1.61%","27942","2.96%","0.2667","0"
"125812","696","8.55%","42100","6.18%","0.6379","0"
"107068","616","14.39%","39852","10.71%","0.6298","0"
"62769","778","5.52%","39784","8.34%","0.7646","0"
"127590","800","4.92%","17221","8.77%","0.5779","1"
"80121","867","1.27%","13311","3.20%","0.0696","0"
"79546","711","5.75%","44527","3.87%","0.9867","1"
"151014","817","5.62%","9627","7.73%","0.9993","0"
"127710","812","10.32%","25991","11.85%","0.4310","0"
"18672","812","8.64%","13541","2.12%","0.8513","0"
"79813","726","7.34%","49194","7.92%","0.8943","1"
"192973","828","7.19%","35617","5.53%","0.1916","0"
"120588","675","5.19%","14371","9.60%","0.8398","0"
"155818","737","6.36%","12158","2.37%","0.3905","0"
"87637","718","16.27%","26779","3.95%","0.6118","1"
"81613","869","8.81%","30523","3.89%","0.7281","0"
"10424","774","13.96%","28308","3.88%","0.2064","0"
"144075","784","7.15%","25955","3.04%","0.3200","0"
"173769","783","12.07%","33590","4.42%","0.4556","0"
"169426","798","10.27%","11511","8.37%","0.5970","1"
"129323","704","0.11%","32439","9.82%","0.6059","0"
"158679","708","9.31%","49547","7.38%","0.6623","1"
"42299","743","9.57%","8365","2.89%","0.0578","0"
"59772","677","3.90%","35191","11.62%","0.4846","0"
"166647","626","15.83%","13281","2.10%","0.6894","1"
"44816","798","10.33%","18552","3.12%","0.2692","0"
"158228","770","16.00%","11488","5.12%","0.1620","0"
"186130","795","0.44%","9254","5.64%","0.2015","0"
"116098","781","6.38%","41786","4.87%","0.9533","0"
"28980","656","2.88%","8738","6.47%","0.0659","0"
"13476","681","3.89%","16510","8.79%","0.5636","0"
"152535","624","3.37%","41449","8.84%","0.5022","0"
"69677","703","2.93%","34600","3.23%","0.4776","0"
"76169","781","2.91%","15116","6.99%","0.1475","0"
"57275","810","8.78%","20281","11.36%","0.5482","0"
"35608","882","9.24%","14415","9.69%","0.8988","0"
"155806","894","10.33%","17648","9.25%","0.6193","1"
"55880","680","9.42%","35978","5.18%","0.5705","0"
"47953","876","13.44%","13549","5.51%","0.4555","0"
"91381","757","1.15%","20371","5.23%","0.3765","0"
"170533","785","15.96%","38738","2.94%","0.5615","1"
"81929","837","12.01%","37979","4.38%","0.7648","1"
"132759","842","3.73%","20813","9.50%","0.7997","0"
"89041","618","0.87%","37664","8.45%","0.0215","0"
"175725","698","11.00%","32926","9.29%","0.0652","0"
"164256","608","13.13%","19682","4.10%","0.8495","0"
"150290","696","9.65%","6630","5.38%","0.7179","0"
"148511","788","2.30%","22028","5.71%","0.4387","0"
"176651","868","11.20%","45370","5.68%","0.2495","0"
"84872","900","16.59%","32425","2.23%","0.7770","1"
"36584","661","11.89%","25290","11.44%","0.3833","0"
"109491","854","8.10%","23741","2.03%","0.5027","1"
"153248","889","5.54%","36176","10.08%","0.7319","1"
"195050","879","1.85%","8965","9.54%","0.1559","0"
"160791","850","14.80%","41998","6.54%","0.4196","0"
"66273","671","16.59%","12930","9.46%","0.4170","0"
"184696","661","16.22%","35565","9.34%","0.0044","0"
"106733","627","6.49%","42155","11.08%","0.8036","1"
"119619","606","12.86%","21259","3.03%","0.2863","0"
"55240","839","6.08%","34040","11.34%","0.2803","0"
"65742","682","4.11%","15298","8.63%","0.4891","0"
"28026","740","7.96%","17762","5.50%","0.5667","0"
"71565","760","8.07%","22153","11.95%","0.0626","0"
"30515","875","6.56%","11785","3.15%","0.3587","0"
"185383","877","1.67%","28894","7.72%","0.3201","0"
"80305","625","16.23%","32702","5.23%","0.7145","0"
"142043","618","4.28%","40595","8.71%","0.0543","0"
"47700","640","0.12%","34993","8.81%","0.0429","0"
"74203","858","15.27%","43644","6.95%","0.5349","0"
"153266","620","9.06%","12081","7.48%","0.2567","0"
"39225","764","10.87%","15453","10.06%","0.1702","0"
"126064","666","1.68%","41390","9.83%","0.0365","0"
"155759","774","12.62%","31787","6.04%","0.0185","0"
"103811","782","12.78%","30958","8.53%","0.8682","1"
"177415","825","16.12%","13653","3.61%","0.0707","0"
"145907","897","7.60%","30737","3.76%","0.6636","1"
"139889","809","14.18%","31537","11.92%","0.2467","0"
"115295","868","2.85%","34144","11.39%","0.7115","0"
"160285","626","6.63%","28937","9.07%","0.6799","0"
"80103","890","10.88%","10736","7.04%","0.3098","0"
"151863","875","6.68%","45784","7.36%","0.5941","0"
"195127","858","3.98%","45188","10.24%","0.3400","0"
"190283","603","12.98%","5038","6.36%","0.7673","1"
"47085","715","1.97%","29745","7.48%","0.9205","0"
"30614","697","9.58%","7460","10.95%","0.7398","1"
"91200","845","8.53%","23439","3.06%","0.0407","0"
"122804","652","3.58%","26435","9.79%","0.9580","1"
"196675","671","3.38%","12673","10.71%","0.1655","0"
"52203","659","0.82%","20516","10.38%","0.4865","0"
"81006","760","5.31%","6185","7.86%","0.4225","0"
"134639","638","12.41%","43635","8.62%","0.7091","1"
"20281","635","7.22%","21406","5.53%","0.3509","0"
"150893","641","13.38%","9369","5.04%","0.1355","0"
"81605","647","0.92%","30958","6.74%","0.8007","0"
"35350","663","3.86%","40271","4.09%","0.5022","1"
"63059","711","15.17%","48692","3.34%","0.4101","0"
"169973","619","15.76%","7547","11.29%","0.4085","0"
"173903","686","6.55%","26471","6.36%","0.9354","1"
"188017","870","0.82%","30850","9.98%","0.7446","1"
"57543","789","2.53%","14736","7.23%","0.3366","0"
"67584","635","4.10%","27896","3.30%","0.7944","0"
"170872","881","4.59%","49130","3.07%","0.9874","0"
"171813","860","12.83%","11088","8.86%","0.6489","1"
"16262","641","9.23%","48678","8.02%","0.2359","0"
"199433","705","11.36%","17434","5.17%","0.1103","0"
"186512","825","1.09%","25658","5.73%","0.1289","0"
"23536","799","16.42%","42237","8.99%","0.6613","1"
"164651","727","0.45%","22688","5.05%","0.7690","1"
"10251","816","12.74%","49416","5.65%","0.0177","0"
"40391","789","12.47%","41231","9.76%","0.1091","0"
"78132","886","9.89%","36618","7.51%","0.8513","1"
"145364","838","5.35%","29715","11.90%","0.1337","0"
"89410","816","10.45%","38615","4.70%","0.2062","0"
"51659","654","11.13%","31404","11.20%","0.2163","0"
"59716","602","6.11%","43921","3.88%","0.0400","0"
"10892","815","16.52%","21775","8.76%","0.8906","0"
"32896","819","14.09%","33227","2.69%","0.9708","0"
"146340","851","14.54%","45279","10.66%","0.4996","0"
"194509","670","6.56%","11433","3.97%","0.3445","0"
"12959","849","15.93%","24259","5.45%","0.8753","1"
"24312","609","12.69%","12988","6.58%","0.9460","0"
"72634","658","13.09%","46571","3.17%","0.8200","1"
"75330","675","0.41%","36503","9.06%","0.2479","0"
"194867","689","2.30%","17947","2.03%","0.1613","0"
"121244","669","10.48%","28318","4.36%","0.8329","1"
"180757","672","9.58%","13688","11.33%","0.2820","0"
"74128","710","4.72%","35988","6.19%","0.2644","0"
"46450","755","11.82%","49274","6.32%","0.5375","1"
"160613","832","4.30%","24316","8.51%","0.0568","0"
"126610","667","4.97%","49505","6.14%","0.8681","1"
"124144","880","5.27%","30373","5.62%","0.7627","1"
"20810","850","1.13%","45944","11.38%","0.2462","0"
"17278","629","15.80%","16475","11.56%","0.4270","0"
"172320","840","10.40%","6210","11.81%","0.6429","0"
"56970","726","5.82%","14500","9.01%","0.5371","0"
"87408","771","13.11%","39159","9.09%","0.7916","0"
"54219","898","6.93%","21778","2.05%","0.0363","0"
"71240","790","11.46%","30574","8.57%","0.7239","1"
"181813","603","13.08%","32610","7.07%","0.2680","0"
"27442","623","6.98%","30568","10.13%","0.4740","0"
"50188","774","1.89%","24706","7.22%","0.8330","0"
"130682","618","7.25%","14912","9.77%","0.3273","0"
"194752","787","8.90%","22465","8.58%","0.1039","0"
"134772","777","3.86%","36554","4.64%","0.9293","1"
"41669","759","13.15%","32323","9.25%","0.5255","0"
"132071","782","10.35%","24351","8.22%","0.5862","0"
"134756","737","6.72%","11877","3.68%","0.2127","0"
"78818","817","10.84%","34601","2.33%","0.3623","0"
"130408","879","6.88%","26227","6.05%","0.7400","0"
"75733","601","8.21%","16231","9.62%","0.5148","1"
"150558","706","6.57%","20866","3.06%","0.3003","0"
"195109","616","7.25%","46344","5.56%","0.3497","0"
"45571","763","10.14%","26664","3.33%","0.6401","0"
"95878","688","0.99%","18103","9.69%","0.4435","0"
"58312","716","0.67%","44021","11.29%","0.7757","0"
"24183","850","6.50%","34297","4.22%","0.0584","0"
"190946","633","9.06%","15494","4.47%","0.5392","0"
"60666","860","12.89%","46366","5.90%","0.4863","0"
"44222","748","8.53%","25375","6.80%","0.4533","0"
"190679","606","11.87%","49457","6.17%","0.4777","0"
"62225","766","14.09%","10036","6.41%","0.3893","0"
"172543","837","6.60%","33462","3.65%","0.1189","0"
"18976","605","1.21%","42254","3.35%","0.4255","0"
"101322","636","15.26%","39688","3.29%","0.7921","1"
"87656","630","7.58%","24027","4.83%","0.4129","0"
"35189","831","13.15%","17518","11.45%","0.7426","1"
"171997","788","9.95%","5084","7.82%","0.0148","0"
"163567","853","10.76%","9279","8.69%","0.3393","0"
"176854","772","8.61%","20075","9.43%","0.5607","1"
"165589","874","6.42%","14438","9.82%","0.1894","0"
"13023","611","5.11%","17150","6.83%","0.5186","1"
"15387","761","9.82%","38132","7.41%","0.6899","0"
"57661","672","5.43%","35003","10.62%","0.9230","0"
"12792","659","2.40%","38778","3.58%","0.4836","0"
"46585","832","9.50%","11600","10.64%","0.7976","1"
"111589","760","2.07%","29773","9.17%","0.2631","0"
"89375","896","1.24%","40441","2.34%","0.7011","1"
"98990","877","14.16%","21163","7.82%","0.8158","0"
"131333","648","9.99%","22832","5.74%","0.6269","0"
"42711","854","5.06%","15832","9.15%","0.5467","0"
"32577","807","10.76%","35864","11.63%","0.8533","0"
"103388","770","12.00%","36629","3.97%","0.6101","1"
"101076","770","2.52%","15505","9.43%","0.1288","0"
"169251","776","4.62%","25627","9.55%","0.4341","0"
"81138","683","16.35%","30029","4.70%","0.0707","0"
"175383","782","7.34%","25003","3.08%","0.7676","1"
"137700","603","14.45%","37053","8.11%","0.5348","0"
"146587","669","4.37%","8267","2.77%","0.4031","0"
"140749","890","10.29%","9424","10.78%","0.3085","0"
"20230","737","14.60%","46399","10.42%","0.6559","1"
"137844","635","12.54%","18537","8.46%","0.9894","1"
"184474","719","12.39%","31025","4.58%","0.2698","0"
"80560","844","13.62%","8913","9.72%","0.7012","0"
"78279","707","15.64%","6946","7.04%","0.1790","0"
"165462","766","6.08%","34091","4.92%","0.0990","0"
"169508","631","11.01%","6755","3.97%","0.0267","0"
"30142","618","6.15%","35227","6.64%","0.3252","0"
"187461","686","4.87%","37120","11.01%","0.3133","0"
"50964","888","11.63%","30994","9.75%","0.4542","0"
"69347","775","16.11%","34862","5.02%","0.8426","1"
"183092","641","8.62%","18350","6.95%","0.9351","1"
"148411","654","14.26%","37404","3.70%","0.8200","0"
"104720","816","6.97%","25630","12.00%","0.4110","0"
"33860","779","1.34%","9590","4.83%","0.6435","0"
"11116","809","11.33%","9110","8.29%","0.4979","0"
"162156","738","5.55%","33611","4.04%","0.4593","0"
"38204","833","0.98%","10197","10.07%","0.9999","1"
"70640","852","7.58%","41490","10.69%","0.8205","0"
"138440","796","9.78%","8486","11.55%","0.0767","0"
"171819","843","5.71%","26816","6.78%","0.9186","1"
"49983","605","0.10%","36059","8.31%","0.9548","1"
"70573","745","11.10%","22481","9.20%","0.5190","0"
"35707","778","3.48%","30259","11.64%","0.3736","0"
"12237","678","0.98%","5778","9.24%","0.8448","0"
"36140","872","10.84%","47044","2.02%","0.4975","0"
"153323","643","3.41%","32326","9.89%","0.6499","0"
"115479","773","6.55%","33608","10.52%","0.0321","0"
"114803","681","10.90%","17711","4.53%","0.8193","0"
"45520","651","14.20%","34855","6.64%","0.7003","1"
"122687","742","6.66%","49224","5.76%","0.2353","0"
"177640","889","7.20%","41196","8.68%","0.6202","0"
"79117","614","4.53%","41408","8.50%","0.8559","1"
"59449","815","15.91%","18957","6.45%","0.9548","1"
"17826","743","12.00%","9902","3.81%","0.9511","1"
"162775","743","14.57%","21071","8.64%","0.0685","0"
"158358","796","11.23%","10118","11.58%","0.0120","0"
"73239","637","15.82%","39990","5.17%","0.3243","0"
"108372","638","0.70%","34841","9.13%","0.7613","0"
"54731","741","13.03%","17476","3.97%","0.2211","0"
"111443","759","3.55%","24974","6.77%","0.0074","0"
"132948","716","0.40%","8784","5.92%","0.3263","0"
"179300","682","5.41%","47199","7.34%","0.3516","0"
"10159","870","4.64%","11249","9.54%","0.0711","0"
"92194","868","4.36%","33467","9.60%","0.3182","0"
"135389","601","11.01%","32522","10.87%","0.0007","0"
"25357","852","9.19%","49621","11.29%","0.6664","1"
"192868","733","11.46%","35056","4.81%","0.2014","0"
"133814","643","13.34%","36233","6.24%","0.0794","0"
"72414","815","10.68%","10446","11.42%","0.9559","0"
"24592","713","11.81%","6323","9.91%","0.2276","0"
"144284","843","12.67%","22136","9.74%","0.9259","1"
"75982","848","6.84%","19370","11.52%","0.2674","0"
"141898","837","13.64%","8807","8.26%","0.4503","0"
"86281","787","0.89%","23783","8.53%","0.0715","0"
"18233","624","8.53%","49583","4.23%","0.6378","0"
"141826","859","8.88%","38612","9.57%","0.0565","0"
"177759","887","4.46%","18380","7.09%","0.4703","0"
"20218","651","14.95%","41897","2.93%","0.0782","0"
"198571","867","15.90%","8445","6.04%","0.9090","1"
"72925","855","8.17%","30946","5.75%","0.9516","1"
"119636","846","7.93%","13007","9.40%","0.1933","0"
"11944","809","11.19%","18714","11.37%","0.1887","0"
"131980","861","9.80%","43093","8.45%","0.9584","1"
"132322","862","7.21%","48683","10.23%","0.2794","0"
"149595","842","9.63%","34086","10.20%","0.1875","0"
"92024","639","1.45%","45695","2.22%","0.5039","0"
"55508","873","14.17%","36343","9.06%","0.2089","0"
"58277","864","0.91%","20561","10.32%","0.8905","0"
"168433","728","3.75%","48813","3.72%","0.1939","0"
"166966","611","13.16%","6986","7.55%","0.5445","1"
"38996","761","14.07%","34857","2.84%","0.7837","1"
"125213","614","11.18%","9209","10.71%","0.4711","0"
"47762","623","10.01%","29326","6.03%","0.3584","0"
"114824","611","0.62%","25403","7.12%","0.0118","0"
"176710","808","9.87%","41147","8.28%","0.9634","0"
"112929","761","16.56%","9143","8.41%","0.6937","0"
"16123","679","3.93%","5560","8.58%","0.3404","0"
"49827","731","9.35%","34615","10.54%","0.2358","0"
"29983","670","12.12%","49355","3.04%","0.8151","0"
"70733","637","12.28%","39576","11.60%","0.5443","0"
"127863","795","12.67%","6768","9.95%","0.8078","0"
"137734","756","16.08%","46561","9.81%","0.1217","0"
"193660","729","0.39%","31641","6.51%","0.4378","0"
"129677","797","0.17%","16459","10.01%","0.5560","1"
"162461","641","7.25%","15174","4.02%","0.4506","0"
"146802","815","12.16%","30264","8.80%","0.8155","0"
"193499","824","6.73%","10627","10.31%","0.5233","1"
"153498","879","4.89%","38580","7.49%","0.3543","0"
"49361","805","5.90%","40142","11.42%","0.7899","1"
"108443","818","2.02%","43013","11.19%","0.4936","0"
"159602","709","1.67%","40838","4.01%","0.2243","0"
"47290","786","11.59%","28005","6.45%","0.8684","0"
"189166","729","7.93%","47602","7.83%","0.7447","0"
"96762","639","1.39%","22354","3.04%","0.6562","0"
"32146","873","7.73%","38488","2.73%","0.6409","1"
"152235","655","1.50%","10884","7.51%","0.8037","1"
"86299","701","4.10%","7182","7.11%","0.1262","0"
"47175","676","8.47%","37472","2.18%","0.0512","0"
"170461","610","8.31%","34317","5.30%","0.5914","1"
"54993","625","11.46%","25394","7.24%","0.4827","0"
"120950","725","6.93%","38672","9.15%","0.9769","1"
"31352","655","1.63%","6278","11.77%","0.8888","0"
"114609","788","9.84%","13328","6.35%","0.7136","0"
"171554","804","9.42%","24635","11.44%","0.9622","0"
"179194","695","13.59%","44951","2.85%","0.9416","0"
"148574","802","6.89%","20011","11.66%","0.3228","0"
"190268","805","0.55%","43505","3.78%","0.3626","0"
"67487","625","11.49%","28398","11.19%","0.4133","0"
"129795","607","4.27%","10550","11.84%","0.6676","1"
"32520","673","9.98%","20189","7.61%","0.2640","0"
"22682","615","15.48%","32521","2.84%","0.2127","0"
"169615","845","0.33%","24023","4.44%","0.1095","0"
"124150","623","7.38%","23283","6.75%","0.5648","1"
"147254","674","11.79%","48564","4.81%","0.4732","0"
"63982","747","11.94%","37499","2.21%","0.9519","0"
"98118","785","5.44%","18030","6.16%","0.0118","0"
"192299","873","12.69%","16223","10.95%","0.1264","0"
"106907","846","8.32%","9054","9.31%","0.5343","0"
"10006","866","2.00%","17634","2.80%","0.9643","1"
"123080","857","8.04%","46797","6.09%","0.8621","0"
"62771","749","1.25%","33466","8.01%","0.4099","0"
"180274","802","1.72%","21780","8.24%","0.7478","0"
"128174","802","9.52%","48311","9.33%","0.4370","0"
"165316","648","1.92%","26314","4.40%","0.8988","1"
"27398","848","3.51%","20671","8.28%","0.2086","0"
"84073","697","15.52%","12950","7.11%","0.2048","0"
"156668","866","3.73%","27977","6.41%","0.8983","0"
"58195","710","10.91%","13010","11.84%","0.7955","0"
"103895","694","10.72%","30405","8.84%","0.9055","0"
"107246","898","13.43%","25806","10.63%","0.3034","0"
"27465","822","8.93%","40627","5.36%","0.7976","0"
"124917","832","0.70%","14636","2.89%","0.1901","0"
"69273","813","16.62%","22676","5.59%","0.9960","0"
"33069","802","5.72%","11788","11.48%","0.7490","0"
"161350","878","0.09%","12180","5.25%","0.3706","0"
"174382","806","9.28%","17519","7.68%","0.2190","0"
"45729","812","6.35%","17858","9.18%","0.7877","1"
"186359","887","4.23%","7823","10.16%","0.6472","0"
"42184","698","1.04%","18473","11.99%","0.6981","0"
"58490","796","8.35%","28820","10.52%","0.7996","1"
"97719","880","3.87%","12429","6.29%","0.8437","0"
"129330","630","6.17%","29939","7.73%","0.6389","0"
"110214","701","5.13%","35828","2.24%","0.5638","1"
"194203","718","12.71%","44988","11.04%","0.0166","0"
"24433","819","5.31%","17522","6.32%","0.3226","0"
"162023","746","14.85%","15434","2.56%","0.1567","0"
"160148","734","4.22%","17369","4.46%","0.4439","0"
"185288","709","9.99%","5329","6.66%","0.8568","0"
"175824","799","12.74%","46362","9.24%","0.4833","0"
"91396","895","9.20%","35462","11.55%","0.7858","0"
"139190","692","7.97%","9364","8.52%","0.7189","0"
"161069","638","5.68%","17436","3.68%","0.7117","0"
"112699","766","8.23%","19029","4.29%","0.2769","0"
"137405","624","2.63%","47220","6.06%","0.4037","0"
"153001","628","10.61%","46856","6.15%","0.9901","0"
"72922","635","1.42%","9232","7.90%","0.5215","0"
"42222","684","4.66%","11880","10.57%","0.1255","0"
"64438","768","3.50%","34885","3.04%","0.2405","0"
"183865","753","1.32%","21768","9.06%","0.2027","0"
"13556","676","14.87%","15599","4.66%","0.1666","0"
"169390","804","11.06%","29151","10.22%","0.6999","0"
"192580","666","2.42%","11054","11.97%","0.2545","0"
"165066","752","15.49%","14502","8.68%","0.1311","0"
"199413","832","6.68%","30822","2.47%","0.7337","1"
"182757","675","6.34%","15932","11.90%","0.7527","1"
"125101","869","0.88%","10760","9.24%","0.2489","0"
"108621","709","5.85%","11729","10.95%","0.6650","0"
"62693","648","5.10%","31605","4.16%","0.5776","1"
"148793","779","9.13%","34770","7.28%","0.8362","1"
"126550","649","10.09%","28008","2.32%","0.9690","0"
"40090","767","6.32%","33755","2.67%","0.2508","0"
"36685","734","10.14%","9048","4.19%","0.6809","1"
"63831","892","13.65%","47572","6.18%","0.0420","0"
"189631","725","5.40%","35441","7.72%","0.0135","0"
"174252","749","2.46%","39328","11.11%","0.7882","1"
"176098","673","1.87%","16747","11.21%","0.6744","1"
"175535","761","14.94%","20398","6.62%","0.7335","0"
"178868","821","4.23%","25922","8.14%","0.7721","0"
"28866","609","9.00%","44245","7.07%","0.2608","0"
"173181","879","3.43%","41145","10.41%","0.0202","0"
"77280","737","4.69%","5957","4.35%","0.6127","1"
"64804","861","9.31%","5782","6.23%","0.7547","0"
"140676","708","5.41%","47430","2.42%","0.3852","0"
"80315","857","9.46%","9379","11.04%","0.2859","0"
"118715","696","15.21%","12322","2.88%","0.3631","0"
"24109","869","9.37%","7987","4.87%","0.6192","0"
"58114","852","9.60%","24410","7.50%","0.6082","1"
"80652","688","1.23%","29100","10.81%","0.1392","0"
"114035","859","6.52%","26459","8.98%","0.5364","0"
"188633","771","4.51%","29742","6.03%","0.9235","1"
"98985","615","13.25%","38318","9.92%","0.8477","0"
"10242","816","14.07%","49191","10.19%","0.6800","1"
"156322","728","13.53%","42651","10.54%","0.3191","0"
"29933","678","7.95%","7900","3.63%","0.1284","0"
"108594","695","7.32%","17554","6.38%","0.4787","0"
"87796","709","1.09%","49867","6.53%","0.9913","0"
"81418","666","14.02%","13790","3.33%","0.3034","0"
"45341","680","2.14%","32061","8.82%","0.6597","1"
"94463","837","12.21%","27274","11.17%","0.1996","0"
"31991","802","15.92%","45383","10.12%","0.3405","0"
"68475","835","9.40%","27829","10.88%","0.4122","0"
"76985","866","12.64%","14450","9.49%","0.9030","1"
"117842","675","8.72%","13704","10.17%","0.5761","1"
"20817","880","16.47%","47453","11.51%","0.2904","0"
"126352","884","13.48%","47354","6.73%","0.6865","1"
"26620","894","7.32%","37508","9.96%","0.8464","1"
"19782","785","10.57%","46106","7.39%","0.2601","0"
"23064","809","4.96%","47527","2.39%","0.0888","0"
"175549","871","1.49%","17416","11.73%","0.7256","0"
"26358","869","14.67%","24589","10.77%","0.7162","1"
"150486","678","10.63%","10870","11.61%","0.1064","0"
"128559","880","16.43%","21295","10.38%","0.1001","0"
"84287","865","1.20%","5213","9.85%","0.1929","0"
"18626","795","0.28%","36375","2.87%","0.3551","0"
"165046","673","3.83%","30862","4.44%","0.6684","0"
"61208","763","15.56%","29106","11.09%","0.7115","0"
"44737","721","7.59%","20180","4.74%","0.9481","1"
"77890","854","11.40%","35344","5.53%","0.2805","0"
"106560","789","6.71%","5585","7.41%","0.8457","1"
"77296","881","9.51%","6543","10.05%","0.1030","0"
"191172","607","8.03%","49382","5.84%","0.0453","0"
"11739","743","12.13%","13193","2.21%","0.3332","0"
"198850","651","7.49%","24221","5.25%","0.7764","1"
"70812","756","0.01%","15027","10.72%","0.5050","1"
"66120","898","14.22%","20803","7.41%","0.0524","0"
"70006","863","3.73%","21136","3.97%","0.5750","1"
"185746","835","6.76%","33827","3.97%","0.4200","0"
"17834","791","13.51%","8174","4.08%","0.0842","0"
"13241","656","11.68%","26338","5.66%","0.8857","0"
"97565","674","5.16%","10868","5.95%","0.6269","1"
"102064","719","15.38%","9289","7.88%","0.6610","1"
"93225","652","14.47%","45611","10.23%","0.3951","0"
"26767","731","6.51%","46758","9.62%","0.6332","1"
"49370","613","8.33%","44349","8.21%","0.9533","1"
"142974","881","12.12%","34687","6.82%","0.1767","0"
"175004","682","7.19%","17055","2.02%","0.4157","0"
"196958","652","6.21%","32961","8.84%","0.6403","0"
"115167","612","4.26%","23697","8.75%","0.6915","0"
"163493","737","12.33%","7798","5.68%","0.7618","0"
"124846","888","15.46%","20833","6.20%","0.5440","1"
"68950","657","16.47%","21145","6.87%","0.4730","0"
"116078","717","0.25%","28218","3.09%","0.5039","0"
"168319","807","11.30%","40412","11.39%","0.2765","0"
"17192","627","13.75%","22366","8.02%","0.5754","0"
"98886","698","2.11%","44291","2.88%","0.2396","0"
"16031","640","14.03%","18970","11.75%","0.5833","0"
"44100","768","7.29%","6944","8.77%","0.8970","1"
"34365","637","2.34%","19845","11.10%","0.6031","0"
"156014","778","15.13%","48563","4.91%","0.1513","0"
"67635","786","5.90%","37388","4.32%","0.3865","0"
"191602","760","14.08%","37656","5.52%","0.8844","1"
"11014","686","3.86%","36027","5.64%","0.9869","0"
"172820","738","1.36%","20807","7.47%","0.1338","0"
"164744","897","10.25%","38120","6.29%","0.8832","0"
"193984","609","7.37%","10347","8.33%","0.6615","0"
"118018","713","12.08%","37022","4.47%","0.0233","0"
"106959","857","11.82%","37274","3.07%","0.7634","0"
"172466","745","3.64%","32700","2.80%","0.1168","0"
"159655","761","13.20%","26087","6.64%","0.5883","0"
"83739","634","9.80%","21013","8.20%","0.7143","0"
"178961","753","12.62%","34151","11.84%","0.7941","0"
"79889","778","15.01%","24613","11.64%","0.6481","0"
"23779","715","7.23%","24883","7.96%","0.4612","0"
"49224","640","10.18%","22083","8.01%","0.0811","0"
"28293","691","10.99%","47258","6.02%","0.0661","0"
"81189","657","10.21%","13063","6.38%","0.0218","0"
"81654","821","0.34%","46689","8.86%","0.4255","0"
"173603","603","13.44%","31710","6.80%","0.7983","0"
"97452","746","9.27%","6447","6.41%","0.6437","1"
"57145","789","2.56%","27064","9.26%","0.7385","1"
"199659","806","5.95%","31357","8.53%","0.6883","1"
"106470","705","8.95%","43034","7.51%","0.5329","1"
"69203","747","14.75%","19929","6.04%","0.6154","0"
"151412","751","2.11%","28472","2.84%","0.3391","0"
"15465","884","0.46%","8371","7.91%","0.1445","0"
"125612","886","8.00%","30704","10.11%","0.2677","0"
"36082","763","3.70%","19677","2.01%","0.1076","0"
"94078","647","3.59%","42248","8.54%","0.1202","0"
"138624","629","0.95%","43283","5.71%","0.7896","1"
"60814","664","15.47%","41964","7.37%","0.0555","0"
"183603","656","13.38%","31578","10.74%","0.7144","0"
"199272","683","8.27%","9517","10.36%","0.6822","0"
"25420","610","9.52%","7778","4.20%","0.5813","0"
"37958","724","4.48%","27652","3.14%","0.1121","0"
"29441","656","15.60%","47763","2.77%","0.7237","1"
"83622","853","13.24%","33998","11.73%","0.9865","0"
"68261","805","12.57%","9229","11.86%","0.2337","0"
"81868","696","15.41%","14959","5.86%","0.8843","1"
"60115","736","10.21%","18827","3.28%","0.2353","0"
"48478","791","14.88%","44961","4.34%","0.8450","1"
"189472","867","7.90%","48370","6.97%","0.2807","0"
"121669","787","7.99%","27117","4.23%","0.7508","1"
"104363","601","16.10%","45288","11.16%","0.5062","0"
"160744","862","12.24%","45173","7.96%","0.8004","1"
"152639","869","13.92%","45490","6.20%","0.6295","0"
"88635","889","3.16%","18654","11.84%","0.3093","0"
"188542","639","14.80%","5664","4.91%","0.6350","1"
"25099","616","10.49%","40217","11.80%","0.1676","0"
"21130","773","9.67%","11164","4.71%","0.7384","1"
"133591","897","9.66%","48530","2.20%","0.7827","1"
"83936","729","0.34%","33045","6.10%","0.0036","0"
"134280","635","14.84%","16163","8.92%","0.6023","0"
"63532","711","11.36%","12053","10.02%","0.5010","1"
"99062","824","6.44%","47195","6.02%","0.9381","0"
"138865","778","9.17%","27855","2.05%","0.7277","0"
"163818","898","3.69%","40812","7.09%","0.9368","0"
"139145","744","11.75%","20764","9.89%","0.8962","0"
"10352","869","10.99%","42653","8.16%","0.0531","0"
"169893","718","12.06%","11816","7.65%","0.7412","0"
"23433","663","11.32%","14645","11.29%","0.1836","0"
"143648","866","8.54%","21131","5.93%","0.4714","0"
"189679","799","7.36%","14620","2.44%","0.8873","1"
"56356","769","12.62%","41766","2.57%","0.0330","0"
"168918","872","0.01%","41165","5.43%","0.5427","1"
"135321","709","11.14%","11487","8.19%","0.7669","0"
"148399","672","1.56%","35210","8.75%","0.3216","0"
"160692","870","14.51%","42076","4.22%","0.9908","0"
"155933","753","10.23%","17529","3.44%","0.9703","1"
"36036","791","7.60%","13699","2.89%","0.8612","1"
"54182","678","16.25%","43956","8.38%","0.3112","0"
"23829","680","8.36%","25925","8.59%","0.7647","0"
"130742","827","11.97%","45258","2.74%","0.3657","0"
"128439","809","12.96%","9769","5.21%","0.3185","0"
"12727","720","15.06%","29559","10.34%","0.0675","0"
"150084","856","6.15%","28539","10.88%","0.0582","0"
"92337","665","6.59%","17313","6.33%","0.7181","1"
"11365","652","5.48%","15826","10.86%","0.9538","1"
"97356","790","8.94%","15508","3.37%","0.9294","1"
"159598","709","15.67%","44853","5.46%","0.7781","1"
"145847","695","13.83%","32041","3.31%","0.6153","1"
"49684","795","5.60%","5155","5.93%","0.9969","0"
"74436","761","9.64%","21561","6.11%","0.2164","0"
"88475","823","0.59%","19724","9.59%","0.5308","1"
"58489","618","6.34%","21308","11.36%","0.3637","0"
"12234","810","14.14%","42752","2.01%","0.4320","0"
"158156","693","8.51%","38160","10.34%","0.4622","0"
"187195","683","12.57%","10966","9.18%","0.0398","0"
"76611","880","6.75%","29651","9.02%","0.5936","0"
"62517","780","0.71%","48530","4.77%","0.5159","0"
"154708","710","5.88%","41042","10.32%","0.8244","0"
"196891","873","10.77%","43970","4.96%","0.1753","0"
"65589","696","7.97%","18429","10.00%","0.6311","0"
"31215","751","3.97%","24967","7.32%","0.7408","0"
"173365","691","13.89%","8652","4.79%","0.1339","0"
"110402","890","1.00%","16620","6.98%","0.4395","0"
"163543","765","14.17%","18763","6.35%","0.1068","0"
"57423","626","6.17%","12416","6.67%","0.7923","1"
"30343","859","3.42%","10486","6.73%","0.0042","0"
"90840","765","15.18%","44563","11.42%","0.4286","0"
"114912","641","13.52%","44515","2.88%","0.2410","0"
"166793","828","7.75%","6776","10.26%","0.3786","0"
"110660","853","14.88%","35166","9.90%","0.6562","1"
"64658","668","11.21%","49564","8.24%","0.0072","0"
"21010","632","14.83%","26682","9.98%","0.9964","0"
"199468","757","4.53%","34489","11.98%","0.1575","0"
"33457","744","1.11%","32863","10.71%","0.6290","1"
"28893","825","4.63%","37923","10.41%","0.6717","1"
"181623","701","11.49%","38382","8.31%","0.8203","0"
"78887","603","9.47%","24089","11.75%","0.3722","0"
"157474","779","4.06%","47677","8.44%","0.3484","0"
"123379","622","12.31%","31385","5.57%","0.8548","0"
"54659","800","8.25%","19978","4.40%","0.0138","0"
"184081","629","13.65%","21636","10.51%","0.2217","0"
"185468","873","0.18%","21714","6.71%","0.5985","1"
"148271","619","12.08%","45004","8.39%","0.7295","0"
"49722","672","12.10%","47075","2.81%","0.8587","1"
"83141","895","13.53%","24414","2.82%","0.4382","0"
"109503","732","0.21%","33886","4.54%","0.3084","0"
"125263","834","0.73%","49735","8.21%","0.4063","0"
"76243","850","11.65%","24769","7.09%","0.5093","0"
"34012","818","10.08%","23205","2.68%","0.0212","0"
"62973","715","6.85%","27928","5.71%","0.7028","0"
"57249","764","15.92%","32347","9.23%","0.2867","0"
"67578","656","2.61%","45013","8.61%","0.3125","0"
"90641","781","10.40%","23318","4.23%","0.5862","0"
"180248","899","2.17%","10728","11.03%","0.7909","1"
"16127","778","8.47%","36375","2.46%","0.7348","0"
"199115","708","8.30%","14973","9.79%","0.6609","1"
"187875","880","0.53%","8283","7.94%","0.3279","0"
"120661","630","5.59%","18809","9.50%","0.3696","0"
"61690","664","10.86%","20457","7.08%","0.1613","0"
"141061","821","11.25%","37991","5.77%","0.6998","0"
"57270","708","9.29%","27808","4.53%","0.1661","0"
"180434","756","12.62%","22745","10.48%","0.2064","0"
"106336","696","11.30%","44364","6.45%","0.0714","0"
"25124","607","4.49%","20118","6.44%","0.2123","0"
"198212","607","13.47%","23130","3.54%","0.2486","0"
"113844","689","11.15%","36365","11.17%","0.8286","0"
"30504","693","11.71%","33431","7.93%","0.6287","0"
"28766","833","6.00%","9248","8.91%","0.7881","1"
"144350","716","12.16%","33404","10.76%","0.6149","1"
"143696","880","9.14%","19812","10.59%","0.3986","0"
"122362","649","3.77%","38920","8.88%","0.8032","0"
"161160","625","6.75%","15525","9.29%","0.9454","1"
"154520","897","4.45%","6124","8.82%","0.4945","0"
"190753","886","12.16%","7936","3.73%","0.4798","0"
"122334","876","9.29%","25007","11.07%","0.2351","0"
"61306","605","8.38%","41055","11.04%","0.2195","0"
"169771","863","8.04%","7866","8.37%","0.4054","0"
"12383","895","10.28%","18025","7.25%","0.1116","0"
"158556","766","12.75%","17768","4.02%","0.5264","0"
"81078","892","1.68%","23973","6.80%","0.3584","0"
"64154","871","5.87%","33842","2.96%","0.9486","0"
"12195","680","6.21%","23584","11.36%","0.5000","0"
"43286","827","2.08%","17474","3.83%","0.7945","0"
"124189","773","6.71%","11522","9.61%","0.6723","0"
"66281","820","3.57%","10835","9.36%","0.9524","1"
"34854","865","5.67%","13741","10.60%","0.8068","1"
"32659","872","8.23%","28026","7.66%","0.9711","1"
"76259","607","8.19%","14156","9.66%","0.2728","0"
"71542","855","6.04%","28121","6.50%","0.4105","0"
"43708","696","13.97%","15852","10.07%","0.9721","1"
"12998","651","14.53%","26103","5.60%","0.5077","1"
"111243","792","7.51%","32608","2.26%","0.4069","0"
"71114","769","10.41%","24854","10.41%","0.4786","0"
"153134","871","6.42%","32052","2.68%","0.2395","0"
"56129","743","7.96%","17914","11.31%","0.8643","0"
"75542","714","9.50%","47525","3.79%","0.3422","0"
"73646","776","13.48%","35237","9.55%","0.6477","1"
"92808","767","14.30%","38832","7.28%","0.0743","0"
"13853","823","0.54%","28031","9.54%","0.3983","0"
"163112","726","1.06%","16501","2.34%","0.2925","0"
"178632","725","13.92%","29530","4.94%","0.0955","0"
"127292","823","9.51%","27206","6.98%","0.4558","0"
